instance,config,seed,target,target_hit,total_iterations,total_time,best_cost,time_best_sol,iterations_best_sol
scqbf_100_1,DEFAULT,0,16498.35,True,252,192.71305394172668,16537.0,192.707,251
scqbf_100_1,DEFAULT,1,16498.35,True,112,81.57912230491638,16521.0,81.573,111
scqbf_100_1,DEFAULT,2,16498.35,True,426,306.83731389045715,16504.0,306.832,425
scqbf_100_1,DEFAULT,3,16498.35,True,184,136.48871541023254,16560.0,136.483,183
scqbf_100_1,DEFAULT,4,16498.35,True,167,126.26438522338867,16515.0,126.259,166
