instance,config,seed,total_iterations,total_time,best_cost,time_best_sol,iterations_best_sol
scqbf_025_1,GRASP_RANDOM_GREEDY,1,316212,1800.0030989646912,1316.0,0.025095462799072266,4
scqbf_025_2,GRASP_RANDOM_GREEDY,1,410926,1800.0039594173431,1279.0,0.004778861999511719,1
scqbf_050_1,GRASP_RANDOM_GREEDY,1,34601,1800.0382452011108,5257.0,0.4392580986022949,9
scqbf_050_2,GRASP_RANDOM_GREEDY,1,65300,1800.0066170692444,5161.0,0.02773571014404297,1
scqbf_100_1,GRASP_RANDOM_GREEDY,1,3603,1800.341804265976,16665.0,0.9919769763946533,2
scqbf_100_2,GRASP_RANDOM_GREEDY,1,8892,1800.1671946048737,20383.0,0.2041473388671875,1
scqbf_100_3,GRASP_RANDOM_GREEDY,1,4212,1800.248399734497,20471.0,3.090555429458618,7
scqbf_100_4,GRASP_RANDOM_GREEDY,1,4056,1800.0442934036255,21470.0,0.42382311820983887,1
scqbf_200_1,GRASP_RANDOM_GREEDY,1,374,1801.212417125702,48906.0,8.635228395462036,2
